<?xml version="1.0" encoding="UTF-8"?>
<project-private xmlns="http://www.netbeans.org/ns/project-private/1">
    <editor-bookmarks xmlns="http://www.netbeans.org/ns/editor-bookmarks/2" lastBookmarkId="0"/>
    <open-files xmlns="http://www.netbeans.org/ns/projectui-open-files/2">
        <group>
            <file>file:/C:/TopicosProgramacion/Editorial/src/JerarquiaHerencia/Publicaciones.java</file>
            <file>file:/C:/TopicosProgramacion/Editorial/src/JerarquiaHerencia/Revista.java</file>
            <file>file:/C:/TopicosProgramacion/Editorial/src/Vista/Datos.java</file>
            <file>file:/C:/TopicosProgramacion/Editorial/src/Publicaciones/Principal.java</file>
            <file>file:/C:/TopicosProgramacion/Editorial/src/Vista/Inicio.java</file>
            <file>file:/C:/TopicosProgramacion/Editorial/src/Publicaciones/ManPublicaciones.java</file>
            <file>file:/C:/TopicosProgramacion/Editorial/src/JerarquiaHerencia/Periodico.java</file>
            <file>file:/C:/TopicosProgramacion/Editorial/src/JerarquiaHerencia/Periodicidad.java</file>
            <file>file:/C:/TopicosProgramacion/Editorial/src/JerarquiaHerencia/Libro.java</file>
        </group>
    </open-files>
</project-private>
